Model,MSE,Train Time (s),Inference Time (s)
Regressão Linear,12.019558258403915,0.0073010921478271484,0.0010101795196533203
Processo Gaussiano,0.08320593507698805,0.015527009963989258,0.004998922348022461
Rede Neural,19.432992302286323,0.7921831607818604,0.0010051727294921875
